#hostname	circleLatitude	circleLongitude	radius	ttl	iataCode	iataLatitude	iataLongitude	city	code_country	CityPopulation	numberOfCityInsideTheCircle
13526	51.5005	-0.1215	649.701536775	60	LINX	51.5286416	-0.1015987	London	GB	7556900	176
13565	34.0495	-118.2395	723.624045497	59	CPM	33.94250107	-118.4079971	Los Angeles	US	3792621	50
13514	41.8495	-87.6525	1277.2539334	57	JFK	40.63980103	-73.77890015	New York	US	8175133	327
13531	35.6375	139.7685	1573.0918922	58	ICN	37.4691009521	126.450996399	Seoul	KR	10349312	83
